{
	"class_name" : "PinholeCameraParameters",
	"extrinsic" : 
	[
		0.023111120821376962,
		0.021792606024066945,
		-0.99949535187366412,
		0.0,
		0.99958903132030685,
		0.016456873787656614,
		0.023472106195821841,
		0.0,
		0.016960087220014936,
		-0.99962705727076884,
		-0.021403313147093476,
		0.0,
		-0.27468920912852279,
		-0.53117990808917703,
		2.0846537743253255,
		1.0
	],
	"intrinsic" : 
	{
		"height" : 600,
		"intrinsic_matrix" : 
		[
			519.6152422706632,
			0.0,
			0.0,
			0.0,
			519.6152422706632,
			0.0,
			399.5,
			299.5,
			1.0
		],
		"width" : 800
	},
	"version_major" : 1,
	"version_minor" : 0
}