{
	"class_name" : "PinholeCameraParameters",
	"extrinsic" : 
	[
		-0.12025719671811415,
		0.46416927327480889,
		-0.87754492328600298,
		0.0,
		0.99251828307594747,
		0.037417548679421223,
		-0.11622127520723834,
		0.0,
		-0.021110764966582398,
		-0.88495582533726458,
		-0.46519621967957436,
		0.0,
		-0.27386306094940893,
		-0.53495553401293883,
		1.8753764696075277,
		1.0
	],
	"intrinsic" : 
	{
		"height" : 600,
		"intrinsic_matrix" : 
		[
			519.6152422706632,
			0.0,
			0.0,
			0.0,
			519.6152422706632,
			0.0,
			399.5,
			299.5,
			1.0
		],
		"width" : 800
	},
	"version_major" : 1,
	"version_minor" : 0
}